ACC_NO,CC_ID,CC_TYPE,CC_CVV,CC_SPENDLIMIT,CC_EXPIRATION_DATE,CC_ISSUEDATE,CC_BILLINGDATE
4233814356,30402641887056,Diners Club International,3404,200000,2024-09-01,2019-09-05,7
8153074807,343945997904877,American Express,287,176700,2024-10-01,2019-10-28,23
7044733721,4955868731578540,Visa,930,104000,2024-06-01,2019-06-29,10
9571446558,5139853542793800,Master Card,720,167800,2026-10-01,2021-10-31,26
9571496938,5110404734772130,Master Card,414,95000,2025-03-01,2020-03-21,26
4233188259,30570066780665,Diners Club International,60,40300,2026-07-01,2021-07-23,2
9571387283,30278274885215,Diners Club International,299,13400,2024-08-01,2019-08-27,2
9571684595,3579807149252850,Japan Credit Bureau,502,85000,2024-06-01,2019-06-11,19
9571619617,30925586830590,Diners Club International,579,123200,2024-02-01,2019-02-25,28
4233326586,30480386373292,Diners Club International,350,93300,2026-11-01,2021-11-04,2
9571914672,4897160883588550,Visa,4785,59500,2024-11-01,2019-11-22,17
9571857434,378703093039710,American Express,8791,139800,2025-10-01,2020-10-15,24
9571325396,375070520627597,American Express,19,187900,2024-03-01,2019-03-20,16
9571399121,30305553497485,Diners Club International,986,20000,2024-05-01,2019-05-04,11
8370846082,5227715153082590,Master Card,763,155400,2026-10-01,2021-10-08,20
4233379027,5164862262876590,Master Card,694,81300,2025-05-01,2020-05-08,10
9571891263,30979864877856,Diners Club International,497,103200,2024-02-01,2019-02-03,26
9571728539,30394341734383,Diners Club International,915,151700,2024-10-01,2019-10-23,27
6597102929,4186081890126100,Visa,560,174700,2026-03-01,2021-03-18,12
9571789272,4511116483045360,Visa,442,158400,2024-09-01,2019-09-28,9
9571576515,4773776482327020,Visa,13,84700,2024-06-01,2019-06-17,21
9571420849,5344255898967010,Master Card,92,186500,2025-06-01,2020-06-12,15
1761412539,30111676743148,Diners Club International,786,179700,2024-08-01,2019-08-30,23
9571331788,30526810019867,Diners Club International,238,53600,2026-03-01,2021-03-13,1
9572024033,3548198067156930,Japan Credit Bureau,27,146200,2026-03-01,2021-03-09,10
5155852878,4115479996332170,Visa,101,47500,2024-04-01,2019-04-16,1
9571721200,5226497235977460,Master Card,307,127200,2025-05-01,2020-05-09,23
9572024351,30212626855139,Diners Club International,484,145600,2025-01-01,2020-01-01,26
5908615994,5375080458959310,Master Card,132,114400,2026-02-01,2021-02-01,7
9571188857,3574196819767960,Japan Credit Bureau,843,28900,2025-03-01,2020-03-28,17
9571948698,4929589922718940,Visa,8310,192800,2026-10-01,2021-10-24,12
5155753381,342092922334309,American Express,12,157200,2026-11-01,2021-11-12,6
9571803075,4162924593701860,Visa,74,71700,2025-03-01,2020-03-05,2
9571268432,6586215409411180,Discover,804,37800,2025-10-01,2020-10-20,7
9571885778,3545616405941000,Japan Credit Bureau,223,191300,2024-11-01,2019-11-16,10
339086335,6011493803531600,Discover,775,133400,2025-07-01,2020-07-17,9
339123759,3533102722915790,Japan Credit Bureau,2170,85700,2025-06-01,2020-06-03,17
9571732419,374221290806975,American Express,227,25600,2024-01-01,2019-01-28,14
9571000368,6454302581682160,Discover,854,185700,2024-04-01,2019-04-13,12
9571951681,341547949989881,American Express,907,134600,2026-03-01,2021-03-22,24
1761398430,6011242676449840,Discover,638,176900,2026-09-01,2021-09-30,1
9571447794,3572505261123520,Japan Credit Bureau,967,85500,2026-04-01,2021-04-26,14
9571151960,30176037370840,Diners Club International,531,193000,2025-01-01,2020-01-25,22
9571036677,39681488549165,Diners Club International,381,168700,2026-02-01,2021-02-04,20
9571862747,3582021158843460,Japan Credit Bureau,681,143200,2024-07-01,2019-07-29,18
9571454235,30057394848281,Diners Club International,957,28200,2026-07-01,2021-07-18,8
9571129297,5141207127721020,Master Card,1787,128300,2024-10-01,2019-10-30,1
9149221521,375829569045049,American Express,370,170600,2025-07-01,2020-07-18,17
9571708064,5412695732692190,Master Card,648,192300,2026-07-01,2021-07-02,15
9571462067,4651161348246580,Visa,946,144700,2026-02-01,2021-02-16,5
9571760934,30528658695451,Diners Club International,6942,175200,2024-08-01,2019-08-03,16
9571081584,345007392884606,American Express,395,28100,2024-02-01,2019-02-11,13
9571074934,6011722173339180,Discover,444,101600,2025-03-01,2020-03-14,25
9571623104,5247348528090570,Master Card,25,116900,2025-08-01,2020-08-21,21
6192839076,5361522324410260,Master Card,376,64900,2024-04-01,2019-04-29,12
9571305243,6501381246178600,Discover,530,37400,2026-02-01,2021-02-12,14
2855629753,4222830914112420,Visa,872,135900,2024-03-01,2019-03-20,1
1761922408,5319492255578650,Master Card,533,65500,2025-03-01,2020-03-07,17
3038053743,5326821898816170,Master Card,394,112300,2024-09-01,2019-09-12,5
9571366600,5265710183820830,Master Card,543,73400,2024-12-01,2019-12-25,11
9571491427,3548430137831750,Japan Credit Bureau,224,111500,2025-04-01,2020-04-03,6
9571883021,378731626423119,American Express,565,125600,2026-07-01,2021-07-16,25
9571587017,30154586840612,Diners Club International,108,19000,2025-03-01,2020-03-29,4
9571143192,30913227077045,Diners Club International,422,139900,2025-10-01,2020-10-19,13
9571355287,5119383095187210,Master Card,908,29100,2024-01-01,2019-01-30,11
9571701825,4702920140724670,Visa,401,69200,2024-12-01,2019-12-01,16
1741250451,379701958244564,American Express,36,195500,2024-09-01,2019-09-01,23
9571492125,4660530843368750,Visa,222,15700,2025-04-01,2020-04-19,14
9571635845,30118445202090,Diners Club International,5637,183700,2026-05-01,2021-05-08,6
9571639906,371392278175049,American Express,348,116600,2025-04-01,2020-04-12,10
9571260532,3528626778357250,Japan Credit Bureau,6542,88400,2026-10-01,2021-10-25,18
9571966186,375766419606820,American Express,969,89700,2024-01-01,2019-01-26,17
9571779260,4413693556410030,Visa,976,181300,2024-08-01,2019-08-01,15
9571922954,4570176581364710,Visa,859,83200,2026-11-01,2021-11-17,21
8778286518,6011846676772780,Discover,821,167700,2024-11-01,2019-11-19,23
8198524319,4731243283651080,Visa,664,151400,2025-01-01,2020-01-12,9
3526096026,373900028315828,American Express,746,94400,2024-06-01,2019-06-07,22
9571955806,3551185013763880,Japan Credit Bureau,4037,96000,2025-06-01,2020-06-14,3
8370647908,378825147144830,American Express,745,159800,2025-09-01,2020-09-03,20
9571420524,3538560088073670,Japan Credit Bureau,813,131200,2026-07-01,2021-07-13,28
9571534855,3561963693010010,Japan Credit Bureau,682,144400,2026-05-01,2021-05-08,26
9571145017,6011122658174720,Discover,118,25900,2026-09-01,2021-09-12,10
9571390600,6229083268602120,Discover,61,178700,2025-05-01,2020-05-22,4
9571938997,3571634840023270,Japan Credit Bureau,974,126500,2026-11-01,2021-11-05,13
9571162689,5391204255678260,Master Card,4,50600,2024-09-01,2019-09-14,14
9571856148,4382555160841700,Visa,930,108500,2026-10-01,2021-10-01,19
9571119976,4271304242455940,Visa,235,96000,2025-09-01,2020-09-19,3
